lang,spearman_scores
arb,0.6181066990954787
arq,0.6037810686482697
ary,0.7653577718131664
esp,0.6951164590255102
hau,0.6945394539473633
hin,0.7685444489842264
ind,0.4980474032608502
kin,0.720699444891137
mar,0.8785585750248011
pan,-0.0511880568252003
tel,0.8156301432684755
eng,0.8347746992995905
amh,0.8474588687561639
