lang,spearman_scores
arb,0.5463210309892745
arq,0.4001595191882878
ary,0.3763232223830959
esp,0.6510376404478234
hau,0.4769676639430302
hin,0.7092417744399683
ind,0.5275285291415474
kin,0.4534538354186325
mar,0.8182085523062139
pan,-0.1129608460041761
tel,0.8023837884093983
amh,0.785491227576239
eng,0.8182692159591411
