epoch,steps,cosine_pearson,cosine_spearman,euclidean_pearson,euclidean_spearman,manhattan_pearson,manhattan_spearman,dot_pearson,dot_spearman
-1,-1,-0.010949970003461042,0.02165831464654342,-0.0673513825875314,0.02165831464654342,-0.06038602551945556,0.02342058148811227,-0.010950000693131037,0.02165831464654342
-1,-1,-0.11197431343972152,-0.07667367329575796,-0.15776994042050832,-0.07667367329575796,-0.15554631126837346,-0.07895311562092565,-0.11197431732273569,-0.07666389038311049
-1,-1,-0.0879099201575282,-0.07217239020816242,-0.13038110377538598,-0.0721627849861127,-0.12765605448747178,-0.07364031595388791,-0.08790990990095054,-0.07215852087151246
