epoch,steps,cosine_pearson,cosine_spearman,euclidean_pearson,euclidean_spearman,manhattan_pearson,manhattan_spearman,dot_pearson,dot_spearman
-1,-1,0.5031706290792382,0.46330690930195245,0.5039291118755574,0.46330690930195245,0.5061089300825349,0.46676106937923084,0.503170637038999,0.46330690930195245
