epoch,steps,cosine_pearson,cosine_spearman,euclidean_pearson,euclidean_spearman,manhattan_pearson,manhattan_spearman,dot_pearson,dot_spearman
-1,-1,0.4858324004571912,0.47238696715902395,0.4987566983911316,0.47238696715902395,0.4972090174984123,0.47094840678190214,0.4858323873728708,0.47238696715902395
